{"meta": {"description": "Benchmark dataset for Minimax solver over various (n,m)."}, "runs": {"4x2": {"dualiza": {"meta": {"code_length": 4, "number_colors": 2, "solver": "dualiza", "max_attempts": 10, "colors": ["R", "G"], "num_games_total": 16, "num_games_processed": 5, "run_timeout_s": 10.0, "status": "timeout"}, "games": {"turn_headers": ["turn_1_s", "turn_2_s", "turn_3_s", "turn_4_s"], "turn_time_s_columns": {"turn_1_s": [0.7634741269994265, 0.6525172250003379, 0.6507265309992363, 0.770335356999567, 0.6456087540009321], "turn_2_s": [0.693012877000001, 0.6586968909996358, 0.7254659150003135, 0.7681679580000491, null], "turn_3_s": [0.8604901220005559, 0.6370223960002477, 0.7858871709995583, 0.6775897369989252, null], "turn_4_s": [null, null, 0.7829822230014543, null, null]}, "clausle_len_table": {"turn_1_s": [138.0, 138.0, 138.0, 138.0, 138.0], "turn_2_s": [154.0, 152.0, 152.0, 152.0, null], "turn_3_s": [168.0, 166.0, 166.0, 166.0, null], "turn_4_s": [null, null, 178.0, null, null]}, "total_time_s": [2.319987382999898, 1.9502510729998903, 2.9475060699987807, 2.221923846000209, 0.6466911779989459], "attempts": [3, 3, 4, 3, 1], "won": [true, true, true, true, false]}}, "ganak": {"meta": {"code_length": 4, "number_colors": 2, "solver": "ganak", "max_attempts": 10, "colors": ["R", "G"], "num_games_total": 16, "num_games_processed": 2, "run_timeout_s": 10.0, "status": "timeout"}, "games": {"turn_headers": ["turn_1_s", "turn_2_s", "turn_3_s"], "turn_time_s_columns": {"turn_1_s": [1.6678441990006831, 1.7075481199990463], "turn_2_s": [1.569311851000748, 1.6669046740007616], "turn_3_s": [1.640491710999413, 1.745063954998841]}, "clausle_len_table": {"turn_1_s": [138.0, 138.0], "turn_2_s": [150.0, 152.0], "turn_3_s": [164.0, 166.0]}, "total_time_s": [4.883008004999283, 5.123005679999551], "attempts": [3, 3], "won": [true, false]}}, "bc_enum": {"meta": {"code_length": 4, "number_colors": 2, "solver": "bc_enum", "max_attempts": 10, "colors": ["R", "G"], "num_games_total": 16, "num_games_processed": 11, "run_timeout_s": 10.0, "status": "timeout"}, "games": {"turn_headers": ["turn_1_s", "turn_2_s", "turn_3_s", "turn_4_s"], "turn_time_s_columns": {"turn_1_s": [0.3708260789999258, 0.2725448820001475, 0.26965158200073347, 0.27266352199967514, 0.2786684190004962, 0.36628078700050537, 0.3218481399999291, 0.3265047320001031, 0.29185566199976165, 0.2830561119999402, 0.280936405999455], "turn_2_s": [0.2688944840001568, 0.2740284370001973, 0.24676271499993163, 0.2375891629999387, 0.28063451800062467, 0.27092573899972194, 0.24203302399928361, 0.26099514799989265, 0.24231837000024825, 0.24049411499981943, 0.247789584000202], "turn_3_s": [null, 0.24626371300018945, 0.24096749999989697, 0.23829714200019225, 0.3231377259999135, 0.3173093360001076, 0.33498752000014065, 0.2546989600004963, 0.24477619200024492, 0.2430543549999129, 0.2478856360003192], "turn_4_s": [null, null, null, null, 0.28386262799995166, null, 0.39765504299975873, null, 0.25137786100003723, 0.24773326800004725, null]}, "clausle_len_table": {"turn_1_s": [138.0, 138.0, 138.0, 138.0, 138.0, 138.0, 138.0, 138.0, 138.0, 138.0, 138.0], "turn_2_s": [152.0, 154.0, 152.0, 150.0, 154.0, 152.0, 154.0, 152.0, 150.0, 150.0, 152.0], "turn_3_s": [null, 168.0, 166.0, 164.0, 168.0, 166.0, 168.0, 166.0, 164.0, 164.0, 166.0], "turn_4_s": [null, null, null, null, 180.0, null, 180.0, null, 176.0, 176.0, null]}, "total_time_s": [0.6403077889999622, 0.7935035090004021, 0.7582122839994554, 0.7493369459998576, 1.1672369810003147, 0.9555365899996104, 1.297778725000171, 0.8429705030002879, 1.0316598350000277, 1.0152774859998317, 0.7775017579997439], "attempts": [2, 3, 3, 3, 4, 3, 4, 3, 4, 4, 3], "won": [true, true, true, true, true, true, true, true, true, true, false]}}}}}